{"cameraMode":{"drawMode":0,"name":"Shaded","section":"Shading Mode"},"sceneLighting":false,"audioPlay":false,"sceneViewState":{"m_AlwaysRefresh":false,"showFog":true,"showSkybox":false,"showFlares":true,"showImageEffects":true,"showParticleSystems":true,"showVisualEffectGraphs":true,"m_FxEnabled":true},"in2DMode":false,"pivot":{"x":1.043081283569336e-7,"y":0.059008657932281497,"z":-0.0033421367406845094},"rotation":{"x":-0.1211707666516304,"y":0.664128303527832,"z":-0.11141682416200638,"w":-0.729667067527771},"size":0.13064369559288026,"orthographic":false}