{"cameraMode":{"drawMode":0,"name":"Shaded","section":"Shading Mode"},"sceneLighting":false,"audioPlay":false,"sceneViewState":{"m_AlwaysRefresh":false,"showFog":true,"showSkybox":false,"showFlares":true,"showImageEffects":true,"showParticleSystems":true,"showVisualEffectGraphs":true,"m_FxEnabled":true},"in2DMode":false,"pivot":{"x":-0.004368916153907776,"y":0.0084695965051651,"z":-0.06560090184211731},"rotation":{"x":-0.033421460539102557,"y":-0.966145932674408,"z":0.13201254606246949,"w":-0.221024751663208},"size":0.1576896756887436,"orthographic":false}