{"cameraMode":{"drawMode":0,"name":"Shaded","section":"Shading Mode"},"sceneLighting":false,"audioPlay":false,"sceneViewState":{"m_AlwaysRefresh":false,"showFog":true,"showSkybox":false,"showFlares":true,"showImageEffects":true,"showParticleSystems":true,"showVisualEffectGraphs":true,"m_FxEnabled":true},"in2DMode":false,"pivot":{"x":1.2456718683242798,"y":0.46559563279151919,"z":0.26470157504081728},"rotation":{"x":-0.10397527366876602,"y":0.7320928573608398,"z":-0.11592589318752289,"w":-0.6636105179786682},"size":0.06284311413764954,"orthographic":false}