{"cameraMode":{"drawMode":0,"name":"Shaded","section":"Shading Mode"},"sceneLighting":false,"audioPlay":false,"sceneViewState":{"m_AlwaysRefresh":false,"showFog":true,"showSkybox":false,"showFlares":true,"showImageEffects":true,"showParticleSystems":true,"showVisualEffectGraphs":true,"m_FxEnabled":true},"in2DMode":false,"pivot":{"x":0.28928548097610476,"y":-1.6709434986114503,"z":-2.0772268772125246},"rotation":{"x":-0.03170470520853996,"y":-0.9127181172370911,"z":0.4013947546482086,"w":-0.07246226817369461},"size":1.8000173568725587,"orthographic":false}