{"cameraMode":{"drawMode":0,"name":"Shaded","section":"Shading Mode"},"sceneLighting":true,"audioPlay":false,"sceneViewState":{"m_AlwaysRefresh":false,"showFog":true,"showSkybox":true,"showFlares":true,"showImageEffects":true,"showParticleSystems":true,"showVisualEffectGraphs":true,"m_FxEnabled":true},"in2DMode":false,"pivot":{"x":0.946223795413971,"y":1.0353224277496338,"z":11.346583366394043},"rotation":{"x":0.017023127526044847,"y":-0.9825416207313538,"z":0.1484764665365219,"w":0.11156385391950607},"size":5.469207286834717,"orthographic":false}